hour,total_gen_mw,carbon_intensity,season,hour_of_day
2024-01-01 00:00:00,11088.317500000001,305.0669409420092,Winter,0
2024-01-01 01:00:00,11100.385,308.2859637370243,Winter,1
2024-01-01 02:00:00,10632.175,302.0362975672476,Winter,2
2024-01-01 03:00:00,10435.145,301.0289331771627,Winter,3
2024-01-01 04:00:00,10364.3125,298.4180255271675,Winter,4
2024-01-01 05:00:00,10274.1325,296.08897670115084,Winter,5
2024-01-01 06:00:00,10033.609999999999,301.85748393557367,Winter,6
2024-01-01 07:00:00,10046.7775,307.80936077588746,Winter,7
2024-01-01 08:00:00,10076.817500000001,297.9762207088921,Winter,8
2024-01-01 09:00:00,10338.7575,297.8412485006162,Winter,9
2024-01-01 10:00:00,10876.942500000001,307.62125458036235,Winter,10
2024-01-01 11:00:00,11386.505,325.69990385100783,Winter,11
2024-01-01 12:00:00,11705.6325,336.5044335843147,Winter,12
2024-01-01 13:00:00,11854.2025,337.824591663971,Winter,13
2024-01-01 14:00:00,11601.9425,329.7677538382998,Winter,14
2024-01-01 15:00:00,10622.855,312.57607756641085,Winter,15
2024-01-01 16:00:00,10133.71,331.17534662097336,Winter,16
2024-01-01 17:00:00,10682.2925,360.81923230597977,Winter,17
2024-01-01 18:00:00,10232.227499999999,334.22130296472795,Winter,18
2024-01-01 19:00:00,9637.305,330.5230663547911,Winter,19
2024-01-01 20:00:00,9513.24,358.7678590466136,Winter,20
2024-01-01 21:00:00,9433.032500000001,318.3942680837811,Winter,21
2024-01-01 22:00:00,8951.6125,294.2669734013586,Winter,22
2024-01-01 23:00:00,8990.0,286.6078045171867,Winter,23
2024-01-02 00:00:00,8085.6,293.3141240266729,Winter,0
2024-01-02 01:00:00,8088.22,303.243660297398,Winter,1
2024-01-02 02:00:00,8703.592499999999,303.16910462335136,Winter,2
2024-01-02 03:00:00,9095.18,300.6422138084282,Winter,3
2024-01-02 04:00:00,9458.1025,303.48000453799057,Winter,4
2024-01-02 05:00:00,10101.8275,305.97086350929396,Winter,5
2024-01-02 06:00:00,9264.4025,319.21176898063857,Winter,6
2024-01-02 07:00:00,10616.067500000001,304.21297492811937,Winter,7
2024-01-02 08:00:00,11313.7025,310.9417685147035,Winter,8
2024-01-02 09:00:00,10896.8975,310.84317967560537,Winter,9
2024-01-02 10:00:00,10028.4025,335.3713634899933,Winter,10
2024-01-02 11:00:00,10087.435,358.1529480658521,Winter,11
2024-01-02 12:00:00,10276.255000000001,357.60106370084316,Winter,12
2024-01-02 13:00:00,10347.47,357.89925290434763,Winter,13
2024-01-02 14:00:00,10586.05,360.888884066907,Winter,14
2024-01-02 15:00:00,11064.8075,359.09189136169823,Winter,15
2024-01-02 16:00:00,11973.400000000001,358.47445142388847,Winter,16
2024-01-02 17:00:00,12476.407500000001,383.6867719012778,Winter,17
2024-01-02 18:00:00,12355.045,385.06332876774,Winter,18
2024-01-02 19:00:00,11362.79,386.3938233766521,Winter,19
2024-01-02 20:00:00,11081.05,401.62432921938887,Winter,20
2024-01-02 21:00:00,10376.6075,385.86689930629666,Winter,21
2024-01-02 22:00:00,10025.039999999999,396.31722121604844,Winter,22
2024-01-02 23:00:00,9964.975,388.3946238424305,Winter,23
2024-01-03 00:00:00,8542.5875,381.82533033104943,Winter,0
2024-01-03 01:00:00,8800.494999999999,382.6008431787403,Winter,1
2024-01-03 02:00:00,8785.32,364.54771746447597,Winter,2
2024-01-03 03:00:00,9195.2475,325.745497761185,Winter,3
2024-01-03 04:00:00,9380.015,328.9582513691467,Winter,4
2024-01-03 05:00:00,9441.18,326.41515243331565,Winter,5
2024-01-03 06:00:00,10676.3875,311.9390623199468,Winter,6
2024-01-03 07:00:00,11192.17,314.5331031225521,Winter,7
2024-01-03 08:00:00,11818.125,331.8853787820845,Winter,8
2024-01-03 09:00:00,11999.635,335.5732578377965,Winter,9
2024-01-03 10:00:00,12329.615,342.1959252940825,Winter,10
2024-01-03 11:00:00,12877.575,354.6373567608899,Winter,11
2024-01-03 12:00:00,12973.96,352.34424098689936,Winter,12
2024-01-03 13:00:00,12831.007500000002,351.896702281938,Winter,13
2024-01-03 14:00:00,12394.932499999999,353.64961316385137,Winter,14
2024-01-03 15:00:00,11755.3525,366.3529163958491,Winter,15
2024-01-03 16:00:00,11108.2375,377.75709489178513,Winter,16
2024-01-03 17:00:00,11075.1175,403.9419326533674,Winter,17
2024-01-03 18:00:00,10624.1375,417.4778450550634,Winter,18
2024-01-03 19:00:00,10378.752499999999,416.06316568727567,Winter,19
2024-01-03 20:00:00,9547.7575,405.4215784546898,Winter,20
2024-01-03 21:00:00,9333.99,392.9873795075801,Winter,21
2024-01-03 22:00:00,9356.5225,381.71782405084434,Winter,22
2024-01-03 23:00:00,8977.905,367.50116259435754,Winter,23
2024-01-04 00:00:00,8661.682499999999,358.5814197824049,Winter,0
2024-01-04 01:00:00,8353.995,342.0962828965529,Winter,1
2024-01-04 02:00:00,7863.865,335.48626501278284,Winter,2
2024-01-04 03:00:00,7729.2275,326.6528130085485,Winter,3
2024-01-04 04:00:00,7449.7925,344.6768438799884,Winter,4
2024-01-04 05:00:00,7371.1075,372.80584605670987,Winter,5
2024-01-04 06:00:00,7780.5875,408.3271232525335,Winter,6
2024-01-04 07:00:00,8843.279999999999,420.67843143070456,Winter,7
2024-01-04 08:00:00,10023.8325,440.72077747017914,Winter,8
2024-01-04 09:00:00,10768.3775,462.3174625410696,Winter,9
2024-01-04 10:00:00,11578.6525,467.3310955046438,Winter,10
2024-01-04 11:00:00,11949.2675,486.92271790151597,Winter,11
2024-01-04 12:00:00,11949.635,513.22154178395,Winter,12
2024-01-04 13:00:00,11926.175,517.2769332187968,Winter,13
2024-01-04 14:00:00,12537.01,518.0133288505086,Winter,14
2024-01-04 15:00:00,12961.025,523.2667173459529,Winter,15
2024-01-04 16:00:00,13005.445,530.4282089934931,Winter,16
2024-01-04 17:00:00,14260.76,532.9405158179518,Winter,17
2024-01-04 18:00:00,14711.58,525.0223513384697,Winter,18
2024-01-04 19:00:00,14968.87,509.7384481713058,Winter,19
2024-01-04 20:00:00,14897.1125,486.736535836337,Winter,20
2024-01-04 21:00:00,14697.237500000001,467.5066674987475,Winter,21
2024-01-04 22:00:00,13391.3325,448.3069220627565,Winter,22
2024-01-04 23:00:00,11714.39,413.9828567772088,Winter,23
2024-01-05 00:00:00,12083.0425,403.18034857236796,Winter,0
2024-01-05 01:00:00,11811.145,377.82483094018966,Winter,1
2024-01-05 02:00:00,11245.6525,361.83203602966444,Winter,2
2024-01-05 03:00:00,11178.2025,359.6662229210581,Winter,3
2024-01-05 04:00:00,11262.9775,360.92507495898576,Winter,4
2024-01-05 05:00:00,11827.1725,373.4851946046881,Winter,5
2024-01-05 06:00:00,12404.235,401.1448655079561,Winter,6
2024-01-05 07:00:00,13558.3225,431.63759657347117,Winter,7
2024-01-05 08:00:00,13988.150000000001,444.9244204454661,Winter,8
2024-01-05 09:00:00,13895.8525,474.00472366558415,Winter,9
2024-01-05 10:00:00,13798.2025,494.3643839274149,Winter,10
2024-01-05 11:00:00,13422.7775,507.00282108390155,Winter,11
2024-01-05 12:00:00,13143.695,513.2338968898773,Winter,12
2024-01-05 13:00:00,12633.305,505.5199203935834,Winter,13
2024-01-05 14:00:00,12913.26,487.8060614563892,Winter,14
2024-01-05 15:00:00,12702.265,494.2992636296099,Winter,15
2024-01-05 16:00:00,13201.405,470.951051230232,Winter,16
2024-01-05 17:00:00,13452.5125,457.70765760596396,Winter,17
2024-01-05 18:00:00,13691.307499999999,462.7845066552976,Winter,18
2024-01-05 19:00:00,13585.8625,463.3035947558568,Winter,19
2024-01-05 20:00:00,13307.967499999999,458.2466951824481,Winter,20
2024-01-05 21:00:00,12504.6375,446.46827586487024,Winter,21
2024-01-05 22:00:00,11844.16,431.4819675389057,Winter,22
2024-01-05 23:00:00,10740.16,412.85083544063514,Winter,23
2024-01-06 00:00:00,9907.755000000001,388.6638953676939,Winter,0
2024-01-06 01:00:00,9013.852499999999,368.25275886342877,Winter,1
2024-01-06 02:00:00,8559.914999999999,358.4814874523648,Winter,2
2024-01-06 03:00:00,8653.692500000001,348.08731932492293,Winter,3
2024-01-06 04:00:00,8551.205,344.48222825470367,Winter,4
2024-01-06 05:00:00,8545.4475,353.43711047634145,Winter,5
2024-01-06 06:00:00,8582.605,354.49039848982665,Winter,6
2024-01-06 07:00:00,9699.810000000001,377.91782362330986,Winter,7
2024-01-06 08:00:00,10713.645,407.0762264351929,Winter,8
2024-01-06 09:00:00,12216.7425,431.0131346407216,Winter,9
2024-01-06 10:00:00,12683.455,445.23277912284607,Winter,10
2024-01-06 11:00:00,12683.164999999999,450.3414960298053,Winter,11
2024-01-06 12:00:00,12894.369999999999,447.1043177560962,Winter,12
2024-01-06 13:00:00,12894.77,438.3139967750594,Winter,13
2024-01-06 14:00:00,12735.375,429.8589826319063,Winter,14
2024-01-06 15:00:00,12764.59,428.3986998160802,Winter,15
2024-01-06 16:00:00,13014.787499999999,432.57752754504924,Winter,16
2024-01-06 17:00:00,13480.1375,443.77156171873355,Winter,17
2024-01-06 18:00:00,13435.1425,445.15943339052484,Winter,18
2024-01-06 19:00:00,13231.352499999999,442.94619962445506,Winter,19
2024-01-06 20:00:00,12945.7075,444.30871022675797,Winter,20
2024-01-06 21:00:00,12413.1875,430.2226835570594,Winter,21
2024-01-06 22:00:00,11859.8725,415.92143707744856,Winter,22
2024-01-06 23:00:00,10733.82,387.6163298796748,Winter,23
2024-01-07 00:00:00,9526.0725,362.67811497377284,Winter,0
2024-01-07 01:00:00,9301.335000000001,351.7589653814216,Winter,1
2024-01-07 02:00:00,9565.39,339.42975501161226,Winter,2
2024-01-07 03:00:00,9324.6625,326.5748784281305,Winter,3
2024-01-07 04:00:00,9614.035,326.98346030304793,Winter,4
2024-01-07 05:00:00,9867.515,334.86055943488316,Winter,5
2024-01-07 06:00:00,10287.595000000001,339.9405281275755,Winter,6
2024-01-07 07:00:00,10753.1875,349.2524160102642,Winter,7
2024-01-07 08:00:00,10979.0775,355.50439087957886,Winter,8
2024-01-07 09:00:00,11700.672499999999,379.44593461769506,Winter,9
2024-01-07 10:00:00,12852.317500000001,402.7651941601449,Winter,10
2024-01-07 11:00:00,13979.397500000001,421.8680222728903,Winter,11
2024-01-07 12:00:00,14812.5125,437.6723614383123,Winter,12
2024-01-07 13:00:00,14752.9525,452.6790509471388,Winter,13
2024-01-07 14:00:00,14177.7925,451.38923054383497,Winter,14
2024-01-07 15:00:00,13706.1575,434.56593197931926,Winter,15
2024-01-07 16:00:00,13747.6275,432.91095341084355,Winter,16
2024-01-07 17:00:00,14062.245,439.1888496603626,Winter,17
2024-01-07 18:00:00,14386.73,438.70294738316625,Winter,18
2024-01-07 19:00:00,14448.02,435.86389601009245,Winter,19
2024-01-07 20:00:00,14211.442500000001,433.9616729707372,Winter,20
2024-01-07 21:00:00,13818.685,431.4775991233993,Winter,21
2024-01-07 22:00:00,13012.845000000001,422.5317808839856,Winter,22
2024-01-07 23:00:00,11467.725,393.56987568691005,Winter,23
2024-04-01 00:00:00,7631.13,438.6350246545959,Spring,0
2024-04-01 01:00:00,6682.7875,410.4935456606418,Spring,1
2024-04-01 02:00:00,6628.5125,431.89963621278764,Spring,2
2024-04-01 03:00:00,6080.87,429.48178135366726,Spring,3
2024-04-01 04:00:00,5607.014999999999,421.70675071038045,Spring,4
2024-04-01 05:00:00,5569.5650000000005,415.25304652591024,Spring,5
2024-04-01 06:00:00,5808.81,393.7771688866353,Spring,6
2024-04-01 07:00:00,6004.045,401.48073064288013,Spring,7
2024-04-01 08:00:00,6678.295,417.3494853652194,Spring,8
2024-04-01 09:00:00,7119.445,421.2730880557441,Spring,9
2024-04-01 10:00:00,7690.3875,428.2606966040616,Spring,10
2024-04-01 11:00:00,8067.5225,444.1045347046383,Spring,11
2024-04-01 12:00:00,9119.6525,456.29228589837203,Spring,12
2024-04-01 13:00:00,9975.5425,451.87130015645266,Spring,13
2024-04-01 14:00:00,11560.3225,448.75222411430633,Spring,14
2024-04-01 15:00:00,12495.705,456.67813643657894,Spring,15
2024-04-01 16:00:00,11976.1725,454.96780409573125,Spring,16
2024-04-01 17:00:00,10743.407500000001,439.8779723843272,Spring,17
2024-04-01 18:00:00,9993.92,436.1630322931094,Spring,18
2024-04-01 19:00:00,9662.905,399.54279171069356,Spring,19
2024-04-01 20:00:00,9620.4875,379.4076075595548,Spring,20
2024-04-01 21:00:00,8892.6075,371.32653335581114,Spring,21
2024-04-01 22:00:00,8122.3775000000005,361.8033285313592,Spring,22
2024-04-01 23:00:00,7793.765,316.8390846795355,Spring,23
2024-04-02 00:00:00,7893.7025,307.15421799977554,Spring,0
2024-04-02 01:00:00,8033.165,308.0887452180498,Spring,1
2024-04-02 02:00:00,8238.2575,299.49046764345405,Spring,2
2024-04-02 03:00:00,8632.2075,315.3176920631499,Spring,3
2024-04-02 04:00:00,8903.7325,315.038319474218,Spring,4
2024-04-02 05:00:00,9398.577500000001,322.32498952586303,Spring,5
2024-04-02 06:00:00,10440.4025,356.2186753993592,Spring,6
2024-04-02 07:00:00,11210.8675,366.2297922048336,Spring,7
2024-04-02 08:00:00,11923.3775,375.632405944988,Spring,8
2024-04-02 09:00:00,12557.865,385.626644228503,Spring,9
2024-04-02 10:00:00,13165.72,394.86537228006677,Spring,10
2024-04-02 11:00:00,13444.575,399.3395139708892,Spring,11
2024-04-02 12:00:00,13183.935,404.51330885063635,Spring,12
2024-04-02 13:00:00,13204.6925,392.0849874464391,Spring,13
2024-04-02 14:00:00,13306.7025,413.25066899585704,Spring,14
2024-04-02 15:00:00,13062.415,410.92763129168185,Spring,15
2024-04-02 16:00:00,12755.92,405.07149913350474,Spring,16
2024-04-02 17:00:00,12779.77,410.43559567441736,Spring,17
2024-04-02 18:00:00,12639.585000000001,399.69951578999127,Spring,18
2024-04-02 19:00:00,12284.025,392.65749917054313,Spring,19
2024-04-02 20:00:00,11675.2975,406.2911961675868,Spring,20
2024-04-02 21:00:00,10990.075,408.1369258441446,Spring,21
2024-04-02 22:00:00,9767.692500000001,409.4782159032112,Spring,22
2024-04-02 23:00:00,9094.3775,406.5036391558005,Spring,23
2024-04-03 00:00:00,7985.645,371.67191425926336,Spring,0
2024-04-03 01:00:00,7676.8875,378.2322872012173,Spring,1
2024-04-03 02:00:00,7348.9175,380.3578272434643,Spring,2
2024-04-03 03:00:00,7770.6375,352.20602296830356,Spring,3
2024-04-03 04:00:00,8310.4825,336.4082925346506,Spring,4
2024-04-03 05:00:00,9536.779999999999,356.36674287570816,Spring,5
2024-04-03 06:00:00,11528.08,389.6269297618875,Spring,6
2024-04-03 07:00:00,12136.89,401.70262414940044,Spring,7
2024-04-03 08:00:00,12356.03,409.316914202164,Spring,8
2024-04-03 09:00:00,12533.15,417.62535154706586,Spring,9
2024-04-03 10:00:00,13128.8925,421.74906224543383,Spring,10
2024-04-03 11:00:00,13298.244999999999,433.2532394035056,Spring,11
2024-04-03 12:00:00,13642.74,446.5380754828881,Spring,12
2024-04-03 13:00:00,13261.0625,439.7866423804742,Spring,13
2024-04-03 14:00:00,13290.497500000001,435.6312853396009,Spring,14
2024-04-03 15:00:00,13696.435,426.0082176323166,Spring,15
2024-04-03 16:00:00,14310.3625,409.68855848019786,Spring,16
2024-04-03 17:00:00,14959.24,402.5674035556997,Spring,17
2024-04-03 18:00:00,15631.0025,385.66124452371696,Spring,18
2024-04-03 19:00:00,16215.352499999999,371.6079935040408,Spring,19
2024-04-03 20:00:00,16157.55,363.0633794033121,Spring,20
2024-04-03 21:00:00,15266.0125,350.07603604533165,Spring,21
2024-04-03 22:00:00,14059.352499999999,335.0362920505122,Spring,22
2024-04-03 23:00:00,13294.945,319.33201925052714,Spring,23
2024-04-04 00:00:00,12309.404999999999,301.92273765788076,Spring,0
2024-04-04 01:00:00,11444.557499999999,314.57524147723535,Spring,1
2024-04-04 02:00:00,10490.0075,323.1314394375563,Spring,2
2024-04-04 03:00:00,9726.625,319.4520318115293,Spring,3
2024-04-04 04:00:00,9493.855,323.4970058150054,Spring,4
2024-04-04 05:00:00,9382.55,328.78496531842814,Spring,5
2024-04-04 06:00:00,10228.185000000001,336.67140032765815,Spring,6
2024-04-04 07:00:00,11549.5825,345.9722441898984,Spring,7
2024-04-04 08:00:00,12388.4175,337.40900825961313,Spring,8
2024-04-04 09:00:00,13115.49,349.71591930337974,Spring,9
2024-04-04 10:00:00,13476.615,364.2453415483489,Spring,10
2024-04-04 11:00:00,14188.4225,398.6321119716972,Spring,11
2024-04-04 12:00:00,15433.4925,452.07197344400026,Spring,12
2024-04-04 13:00:00,16144.0525,485.20421826476627,Spring,13
2024-04-04 14:00:00,15698.9225,488.40046516099295,Spring,14
2024-04-04 15:00:00,14636.36,483.66512931026324,Spring,15
2024-04-04 16:00:00,14753.805,448.7305573921899,Spring,16
2024-04-04 17:00:00,14468.8375,395.0533188708723,Spring,17
2024-04-04 18:00:00,13391.6475,365.1230121715927,Spring,18
2024-04-04 19:00:00,12625.2875,360.0652623775578,Spring,19
2024-04-04 20:00:00,11820.755000000001,349.1864521490461,Spring,20
2024-04-04 21:00:00,11202.425,332.92533023294556,Spring,21
2024-04-04 22:00:00,10553.35,309.5505494008394,Spring,22
2024-04-04 23:00:00,9800.567500000001,289.94859539573235,Spring,23
2024-04-05 00:00:00,9887.635,303.94372780303837,Spring,0
2024-04-05 01:00:00,9497.857499999998,311.6938968199615,Spring,1
2024-04-05 02:00:00,9540.6625,299.61624006570037,Spring,2
2024-04-05 03:00:00,9316.605,287.58522940513603,Spring,3
2024-04-05 04:00:00,9606.1125,290.1863897110597,Spring,4
2024-04-05 05:00:00,9654.8075,302.3804476406115,Spring,5
2024-04-05 06:00:00,10350.497500000001,330.89821734508826,Spring,6
2024-04-05 07:00:00,10959.0725,351.7410227635912,Spring,7
2024-04-05 08:00:00,11874.3025,351.0677835810425,Spring,8
2024-04-05 09:00:00,12965.314999999999,351.0915682341598,Spring,9
2024-04-05 10:00:00,14015.635,358.9702859651021,Spring,10
2024-04-05 11:00:00,13842.51,350.4308473454636,Spring,11
2024-04-05 12:00:00,13894.3875,346.5093783832816,Spring,12
2024-04-05 13:00:00,15593.2075,375.8830989262052,Spring,13
2024-04-05 14:00:00,17056.36,413.00703716691214,Spring,14
2024-04-05 15:00:00,16876.2175,473.90710342234183,Spring,15
2024-04-05 16:00:00,16075.2725,478.6162434052399,Spring,16
2024-04-05 17:00:00,15364.6875,419.0274405576857,Spring,17
2024-04-05 18:00:00,13866.695,364.0974217649262,Spring,18
2024-04-05 19:00:00,12286.0225,336.1216910406409,Spring,19
2024-04-05 20:00:00,11422.4725,340.9809676300719,Spring,20
2024-04-05 21:00:00,10597.6925,343.924967545644,Spring,21
2024-04-05 22:00:00,9413.8775,332.2845990927346,Spring,22
2024-04-05 23:00:00,9109.785,344.669844387047,Spring,23
2024-04-06 00:00:00,8363.955,340.32780189599896,Spring,0
2024-04-06 01:00:00,7552.805,325.55655172500565,Spring,1
2024-04-06 02:00:00,6715.7425,339.5723934902355,Spring,2
2024-04-06 03:00:00,6474.93,387.7646260586849,Spring,3
2024-04-06 04:00:00,6542.65,371.8127316741302,Spring,4
2024-04-06 05:00:00,6806.985,336.3391682945239,Spring,5
2024-04-06 06:00:00,7612.6,316.74092600164033,Spring,6
2024-04-06 07:00:00,8853.7425,323.1643919874189,Spring,7
2024-04-06 08:00:00,10992.2275,362.34476623496613,Spring,8
2024-04-06 09:00:00,13283.8875,425.04596949925235,Spring,9
2024-04-06 10:00:00,14416.4925,488.1633958352674,Spring,10
2024-04-06 11:00:00,16031.59,498.39904102805434,Spring,11
2024-04-06 12:00:00,16516.565,512.02626558561,Spring,12
2024-04-06 13:00:00,16269.664999999999,524.4296109969808,Spring,13
2024-04-06 14:00:00,15588.31,509.6944143495993,Spring,14
2024-04-06 15:00:00,15088.72,480.93155064831257,Spring,15
2024-04-06 16:00:00,13990.689999999999,470.1475902038369,Spring,16
2024-04-06 17:00:00,13366.6175,404.01432621306617,Spring,17
2024-04-06 18:00:00,11947.5025,346.29735382995796,Spring,18
2024-04-06 19:00:00,10015.2975,305.6059094331114,Spring,19
2024-04-06 20:00:00,9535.494999999999,308.90995068658174,Spring,20
2024-04-06 21:00:00,9368.2775,299.66228626694306,Spring,21
2024-04-06 22:00:00,9150.8425,293.04587232267227,Spring,22
2024-04-06 23:00:00,8619.26,263.1463674402822,Spring,23
2024-04-07 00:00:00,8245.932499999999,263.3287051542783,Spring,0
2024-04-07 01:00:00,8637.025,260.8491450953476,Spring,1
2024-04-07 02:00:00,9021.7675,262.08260312797415,Spring,2
2024-04-07 03:00:00,9796.64,273.7436849650006,Spring,3
2024-04-07 04:00:00,9789.08,275.7833933519526,Spring,4
2024-04-07 05:00:00,9953.3925,270.856305853793,Spring,5
2024-04-07 06:00:00,9827.6525,273.33085845706324,Spring,6
2024-04-07 07:00:00,9883.525,278.22451471951587,Spring,7
2024-04-07 08:00:00,11079.279999999999,332.3459824547294,Spring,8
2024-04-07 09:00:00,12371.48,430.48987491908053,Spring,9
2024-04-07 10:00:00,14156.76,491.1898135786733,Spring,10
2024-04-07 11:00:00,15472.8825,523.5311246150422,Spring,11
2024-04-07 12:00:00,15440.85,574.3928309294704,Spring,12
2024-04-07 13:00:00,15906.335,600.5477359208388,Spring,13
2024-04-07 14:00:00,15695.14,593.6577262211534,Spring,14
2024-04-07 15:00:00,15082.495,556.3364866130177,Spring,15
2024-04-07 16:00:00,14213.695,481.2194627236728,Spring,16
2024-04-07 17:00:00,12038.935,418.3270742009378,Spring,17
2024-04-07 18:00:00,10024.4975,391.19798181131307,Spring,18
2024-04-07 19:00:00,9392.2,392.7327227516483,Spring,19
2024-04-07 20:00:00,9160.395,410.4888514587402,Spring,20
2024-04-07 21:00:00,8472.0725,397.6951064348185,Spring,21
2024-04-07 22:00:00,8144.66,387.2136056640376,Spring,22
2024-04-07 23:00:00,7593.3475,390.45105884894406,Spring,23
2024-07-01 00:00:00,7991.9,373.3903374047578,Summer,0
2024-07-01 01:00:00,7677.49,375.8700761222308,Summer,1
2024-07-01 02:00:00,7298.202499999999,366.4671521130934,Summer,2
2024-07-01 03:00:00,7518.055,346.65771364662646,Summer,3
2024-07-01 04:00:00,7893.5175,353.5568124898159,Summer,4
2024-07-01 05:00:00,8532.849999999999,385.8357301122554,Summer,5
2024-07-01 06:00:00,10163.72,442.387041649863,Summer,6
2024-07-01 07:00:00,11720.335,474.1261549222535,Summer,7
2024-07-01 08:00:00,14024.28,496.6009046473656,Summer,8
2024-07-01 09:00:00,14505.7975,512.8621670174207,Summer,9
2024-07-01 10:00:00,13112.95,525.758093420679,Summer,10
2024-07-01 11:00:00,13075.9775,538.3239227880778,Summer,11
2024-07-01 12:00:00,12791.7025,561.4753261851286,Summer,12
2024-07-01 13:00:00,13363.625,569.9293500388924,Summer,13
2024-07-01 14:00:00,13247.994999999999,557.0395157270073,Summer,14
2024-07-01 15:00:00,12305.1575,538.3728560672532,Summer,15
2024-07-01 16:00:00,11201.4125,538.1056434318295,Summer,16
2024-07-01 17:00:00,10701.235,510.99270850940627,Summer,17
2024-07-01 18:00:00,10857.93,467.5648845983893,Summer,18
2024-07-01 19:00:00,12049.93,436.9924318760831,Summer,19
2024-07-01 20:00:00,12212.3575,415.12978475815976,Summer,20
2024-07-01 21:00:00,11602.567500000001,408.6627646862291,Summer,21
2024-07-01 22:00:00,11171.195,399.4439623189113,Summer,22
2024-07-01 23:00:00,9510.42,394.0329070663406,Summer,23
2024-07-02 00:00:00,7004.945000000001,360.51941090288204,Summer,0
2024-07-02 01:00:00,6114.9975,329.8247779812537,Summer,1
2024-07-02 02:00:00,5970.5425,328.23338298147934,Summer,2
2024-07-02 03:00:00,6003.1925,313.78119625028046,Summer,3
2024-07-02 04:00:00,5742.9225,336.1250380625273,Summer,4
2024-07-02 05:00:00,5957.4825,327.6440815549123,Summer,5
2024-07-02 06:00:00,6823.34,354.74113373114375,Summer,6
2024-07-02 07:00:00,8025.18,385.4519514426323,Summer,7
2024-07-02 08:00:00,8827.407500000001,411.56437484515914,Summer,8
2024-07-02 09:00:00,10037.6775,420.32837626259874,Summer,9
2024-07-02 10:00:00,10026.6775,427.63856162687915,Summer,10
2024-07-02 11:00:00,10115.405,438.2782537522495,Summer,11
2024-07-02 12:00:00,10985.689999999999,437.07189849708044,Summer,12
2024-07-02 13:00:00,11632.7125,459.90430871269814,Summer,13
2024-07-02 14:00:00,11910.927500000002,490.210105582436,Summer,14
2024-07-02 15:00:00,11992.09,516.6495619346896,Summer,15
2024-07-02 16:00:00,11844.835000000001,516.3543950360829,Summer,16
2024-07-02 17:00:00,11758.0625,490.96378288447676,Summer,17
2024-07-02 18:00:00,10811.67,470.6063491200884,Summer,18
2024-07-02 19:00:00,10338.9925,453.129325245647,Summer,19
2024-07-02 20:00:00,9959.3325,441.81463404229044,Summer,20
2024-07-02 21:00:00,9066.805,446.5102276549426,Summer,21
2024-07-02 22:00:00,8455.7425,441.1071276683142,Summer,22
2024-07-02 23:00:00,7057.37,419.3641451516534,Summer,23
2024-07-03 00:00:00,7264.0575,429.89581766323647,Summer,0
2024-07-03 01:00:00,6440.1025,412.9456440985148,Summer,1
2024-07-03 02:00:00,6123.165,391.7336981562627,Summer,2
2024-07-03 03:00:00,5982.5725,372.32502975051807,Summer,3
2024-07-03 04:00:00,6013.7625,355.35474780331737,Summer,4
2024-07-03 05:00:00,6394.4425,342.3995935657048,Summer,5
2024-07-03 06:00:00,7652.43,378.7329694425528,Summer,6
2024-07-03 07:00:00,9379.837500000001,406.28693474060873,Summer,7
2024-07-03 08:00:00,10283.015,427.43134803860454,Summer,8
2024-07-03 09:00:00,10138.33,442.6000593166584,Summer,9
2024-07-03 10:00:00,10025.1125,455.88151476227074,Summer,10
2024-07-03 11:00:00,9987.782500000001,465.78819698940885,Summer,11
2024-07-03 12:00:00,9643.95,489.0979488142251,Summer,12
2024-07-03 13:00:00,9556.0225,529.0194231491326,Summer,13
2024-07-03 14:00:00,10323.9375,555.2081313621966,Summer,14
2024-07-03 15:00:00,11558.2575,562.3939272132721,Summer,15
2024-07-03 16:00:00,12146.145,538.642337045054,Summer,16
2024-07-03 17:00:00,12601.6975,476.6622037260852,Summer,17
2024-07-03 18:00:00,13033.349999999999,447.7574509164814,Summer,18
2024-07-03 19:00:00,12869.195,409.8625146020988,Summer,19
2024-07-03 20:00:00,13044.397500000001,382.2002334270643,Summer,20
2024-07-03 21:00:00,12855.085000000001,358.18927784556354,Summer,21
2024-07-03 22:00:00,11850.415,327.50711605554585,Summer,22
2024-07-03 23:00:00,10771.432499999999,308.114725049213,Summer,23
2024-07-04 00:00:00,9754.8825,279.9434494761523,Summer,0
2024-07-04 01:00:00,9334.72,252.99241623419118,Summer,1
2024-07-04 02:00:00,9370.7625,250.0998456758775,Summer,2
2024-07-04 03:00:00,9583.2025,256.89646229357777,Summer,3
2024-07-04 04:00:00,9545.425,276.03088148973524,Summer,4
2024-07-04 05:00:00,9600.755000000001,276.2325283142592,Summer,5
2024-07-04 06:00:00,10344.6275,277.73325934685266,Summer,6
2024-07-04 07:00:00,10848.9575,325.05789210831324,Summer,7
2024-07-04 08:00:00,12412.005,377.0884046855975,Summer,8
2024-07-04 09:00:00,14120.985,441.75879354356306,Summer,9
2024-07-04 10:00:00,15254.415,504.68141934774224,Summer,10
2024-07-04 11:00:00,15691.0075,535.107698939434,Summer,11
2024-07-04 12:00:00,16109.407500000001,546.2813161474342,Summer,12
2024-07-04 13:00:00,15901.6,562.4139688216478,Summer,13
2024-07-04 14:00:00,15545.380000000001,568.8646067531347,Summer,14
2024-07-04 15:00:00,15166.0925,570.0320450399615,Summer,15
2024-07-04 16:00:00,14562.715,542.6749748829025,Summer,16
2024-07-04 17:00:00,13446.2675,503.77888403622336,Summer,17
2024-07-04 18:00:00,12356.585,445.1804010455779,Summer,18
2024-07-04 19:00:00,11881.095000000001,371.8489485951386,Summer,19
2024-07-04 20:00:00,10720.685,332.352794323342,Summer,20
2024-07-04 21:00:00,10533.78,310.83368271323684,Summer,21
2024-07-04 22:00:00,10149.43,306.9458605126259,Summer,22
2024-07-04 23:00:00,9616.9475,303.1150396938973,Summer,23
2024-07-05 00:00:00,8685.805,287.54699989263025,Summer,0
2024-07-05 01:00:00,8445.605,279.0066603830804,Summer,1
2024-07-05 02:00:00,8397.0,261.8201515767988,Summer,2
2024-07-05 03:00:00,8633.55,252.82527404900915,Summer,3
2024-07-05 04:00:00,8639.64,250.6997323189307,Summer,4
2024-07-05 05:00:00,8348.592499999999,246.16834960825986,Summer,5
2024-07-05 06:00:00,8797.4575,286.39870667715485,Summer,6
2024-07-05 07:00:00,9923.08,350.4214791819635,Summer,7
2024-07-05 08:00:00,11453.1675,398.94983127919613,Summer,8
2024-07-05 09:00:00,12149.155,401.3170772086407,Summer,9
2024-07-05 10:00:00,11822.445,405.34547590690994,Summer,10
2024-07-05 11:00:00,12010.57,401.42713712733877,Summer,11
2024-07-05 12:00:00,12177.52,394.13452570844095,Summer,12
2024-07-05 13:00:00,12071.1725,400.7499292137727,Summer,13
2024-07-05 14:00:00,11552.49,403.8207647398217,Summer,14
2024-07-05 15:00:00,11352.4375,381.323511334571,Summer,15
2024-07-05 16:00:00,10767.715,358.41286405729926,Summer,16
2024-07-05 17:00:00,10421.7275,338.6575707079418,Summer,17
2024-07-05 18:00:00,11050.8875,358.30790201214603,Summer,18
2024-07-05 19:00:00,11531.545,361.73985518089694,Summer,19
2024-07-05 20:00:00,12337.5625,369.8044611273483,Summer,20
2024-07-05 21:00:00,12327.4775,372.6354728846043,Summer,21
2024-07-05 22:00:00,11942.275000000001,375.0111349792247,Summer,22
2024-07-05 23:00:00,10634.8625,369.8129348801047,Summer,23
2024-07-06 00:00:00,8860.23,343.70337736370266,Summer,0
2024-07-06 01:00:00,8106.605,320.9948058048281,Summer,1
2024-07-06 02:00:00,7998.1375,309.0124937329749,Summer,2
2024-07-06 03:00:00,8080.755,277.5975825543361,Summer,3
2024-07-06 04:00:00,8083.64,247.91733618266932,Summer,4
2024-07-06 05:00:00,7980.105,246.0617178903765,Summer,5
2024-07-06 06:00:00,8359.9225,283.17381833977424,Summer,6
2024-07-06 07:00:00,9525.2775,325.78566734195795,Summer,7
2024-07-06 08:00:00,10898.345000000001,361.9296077948098,Summer,8
2024-07-06 09:00:00,12661.575,383.46638649259074,Summer,9
2024-07-06 10:00:00,12687.08,411.5581585405587,Summer,10
2024-07-06 11:00:00,12972.655,421.4985936154917,Summer,11
2024-07-06 12:00:00,13637.265,459.04425449608345,Summer,12
2024-07-06 13:00:00,13972.8125,505.53122996593487,Summer,13
2024-07-06 14:00:00,15284.6325,535.1020760803098,Summer,14
2024-07-06 15:00:00,14999.265,539.0420919070216,Summer,15
2024-07-06 16:00:00,14451.19,514.4664852660829,Summer,16
2024-07-06 17:00:00,14373.032500000001,455.075531333011,Summer,17
2024-07-06 18:00:00,13933.92,418.454859439188,Summer,18
2024-07-06 19:00:00,11831.575,369.9246684368062,Summer,19
2024-07-06 20:00:00,11457.2875,311.69319251189665,Summer,20
2024-07-06 21:00:00,10099.8825,296.5830984160201,Summer,21
2024-07-06 22:00:00,9202.4375,304.26155589838874,Summer,22
2024-07-06 23:00:00,8650.915,291.79440971989476,Summer,23
2024-07-07 00:00:00,8783.3475,276.38508235863037,Summer,0
2024-07-07 01:00:00,8557.9125,280.80998981362586,Summer,1
2024-07-07 02:00:00,8060.285,274.67595089948776,Summer,2
2024-07-07 03:00:00,7983.3025,280.30566339360604,Summer,3
2024-07-07 04:00:00,7578.1575,285.8321354180557,Summer,4
2024-07-07 05:00:00,7225.860000000001,290.3134759258051,Summer,5
2024-07-07 06:00:00,7328.295,312.23429122037294,Summer,6
2024-07-07 07:00:00,8290.66,396.1624889118215,Summer,7
2024-07-07 08:00:00,9808.365,474.6341651873967,Summer,8
2024-07-07 09:00:00,11662.3125,519.3455884387334,Summer,9
2024-07-07 10:00:00,12861.907500000001,543.2556678455736,Summer,10
2024-07-07 11:00:00,13122.699999999999,539.7091865841695,Summer,11
2024-07-07 12:00:00,12801.664999999999,525.3864162491722,Summer,12
2024-07-07 13:00:00,12038.94,508.2967318263396,Summer,13
2024-07-07 14:00:00,11371.1325,495.16799196337763,Summer,14
2024-07-07 15:00:00,10655.135,486.2937585688185,Summer,15
2024-07-07 16:00:00,10384.1525,427.9601618657912,Summer,16
2024-07-07 17:00:00,9442.849999999999,412.32361759705134,Summer,17
2024-07-07 18:00:00,10547.53,381.8115120497583,Summer,18
2024-07-07 19:00:00,11169.967499999999,374.15718279093454,Summer,19
2024-07-07 20:00:00,11518.115,359.13694930324004,Summer,20
2024-07-07 21:00:00,11174.752499999999,352.6874740342965,Summer,21
2024-07-07 22:00:00,11422.1975,341.831144049399,Summer,22
2024-07-07 23:00:00,11056.215,333.4902486018277,Summer,23
2024-10-01 00:00:00,10420.525000000001,272.5006358139806,Autumn,0
2024-10-01 01:00:00,10235.154999999999,266.9219555228835,Autumn,1
2024-10-01 02:00:00,9841.1775,259.015872034427,Autumn,2
2024-10-01 03:00:00,9629.595000000001,256.68580575211126,Autumn,3
2024-10-01 04:00:00,9558.695,267.2489899604456,Autumn,4
2024-10-01 05:00:00,9650.4575,288.7767388794426,Autumn,5
2024-10-01 06:00:00,11146.69,315.60105635253365,Autumn,6
2024-10-01 07:00:00,12423.835,337.6244083675875,Autumn,7
2024-10-01 08:00:00,12340.970000000001,339.26942937102876,Autumn,8
2024-10-01 09:00:00,12347.49,355.084130427176,Autumn,9
2024-10-01 10:00:00,12126.755,348.9481927499878,Autumn,10
2024-10-01 11:00:00,12196.869999999999,350.9955292460247,Autumn,11
2024-10-01 12:00:00,12220.7625,350.3116035406284,Autumn,12
2024-10-01 13:00:00,12790.2275,357.2332304780083,Autumn,13
2024-10-01 14:00:00,12838.335,362.89555391804635,Autumn,14
2024-10-01 15:00:00,12766.6375,369.43338797740574,Autumn,15
2024-10-01 16:00:00,13227.2025,383.6384202386404,Autumn,16
2024-10-01 17:00:00,13990.6375,413.6609284396777,Autumn,17
2024-10-01 18:00:00,14051.88,443.897733234867,Autumn,18
2024-10-01 19:00:00,13685.99,474.1730101532117,Autumn,19
2024-10-01 20:00:00,12869.355,503.6785187265363,Autumn,20
2024-10-01 21:00:00,11943.8875,508.81834076298594,Autumn,21
2024-10-01 22:00:00,10887.75,525.1739177914413,Autumn,22
2024-10-01 23:00:00,10041.34,536.6453814257708,Autumn,23
2024-10-02 00:00:00,7318.1925,530.2555048670631,Autumn,0
2024-10-02 01:00:00,6282.2425,520.0503118579198,Autumn,1
2024-10-02 02:00:00,6343.305,512.9333913636425,Autumn,2
2024-10-02 03:00:00,6483.5875,512.1245158133502,Autumn,3
2024-10-02 04:00:00,6776.7775,489.9453768017481,Autumn,4
2024-10-02 05:00:00,8066.0425,476.1695746958435,Autumn,5
2024-10-02 06:00:00,11086.3275,494.22304076497653,Autumn,6
2024-10-02 07:00:00,13258.7175,475.7655393649639,Autumn,7
2024-10-02 08:00:00,14315.539999999999,463.8346526249462,Autumn,8
2024-10-02 09:00:00,14444.692500000001,464.51278185151466,Autumn,9
2024-10-02 10:00:00,14864.385,470.3997982839009,Autumn,10
2024-10-02 11:00:00,14716.7925,446.7581311625486,Autumn,11
2024-10-02 12:00:00,14379.525,460.1296265380339,Autumn,12
2024-10-02 13:00:00,14587.54,474.528032949451,Autumn,13
2024-10-02 14:00:00,13867.802500000002,465.00508126827623,Autumn,14
2024-10-02 15:00:00,14144.625,439.8497408055601,Autumn,15
2024-10-02 16:00:00,14191.475,420.2520175124318,Autumn,16
2024-10-02 17:00:00,15480.145,435.97718784228044,Autumn,17
2024-10-02 18:00:00,16213.48,433.44700148552204,Autumn,18
2024-10-02 19:00:00,16114.8,435.670180265694,Autumn,19
2024-10-02 20:00:00,16043.955,426.33537466718013,Autumn,20
2024-10-02 21:00:00,15019.5525,405.5473226761516,Autumn,21
2024-10-02 22:00:00,13754.81,386.56062331538783,Autumn,22
2024-10-02 23:00:00,11645.567500000001,369.39785440612997,Autumn,23
2024-10-03 00:00:00,9462.6775,341.1778002419056,Autumn,0
2024-10-03 01:00:00,8288.5375,335.02698817901717,Autumn,1
2024-10-03 02:00:00,7851.9925,327.80594791288064,Autumn,2
2024-10-03 03:00:00,7892.7275,358.4159733042602,Autumn,3
2024-10-03 04:00:00,7955.465,382.3146170237166,Autumn,4
2024-10-03 05:00:00,8293.0275,421.65814512048775,Autumn,5
2024-10-03 06:00:00,9209.7775,464.5297750584453,Autumn,6
2024-10-03 07:00:00,9913.35,486.10183954398093,Autumn,7
2024-10-03 08:00:00,10707.135,511.67067481085826,Autumn,8
2024-10-03 09:00:00,12036.905,538.6691133825734,Autumn,9
2024-10-03 10:00:00,12470.175,548.7322705934885,Autumn,10
2024-10-03 11:00:00,13930.675,559.6567726782762,Autumn,11
2024-10-03 12:00:00,15411.585000000001,546.6518932939091,Autumn,12
2024-10-03 13:00:00,15170.095,551.3108008307377,Autumn,13
2024-10-03 14:00:00,14007.925,569.1843204890597,Autumn,14
2024-10-03 15:00:00,12710.91,550.0039705240738,Autumn,15
2024-10-03 16:00:00,12495.557499999999,520.8210729503785,Autumn,16
2024-10-03 17:00:00,12054.875,502.41220699616343,Autumn,17
2024-10-03 18:00:00,12459.945,487.5113536551157,Autumn,18
2024-10-03 19:00:00,12377.2825,483.48068453211226,Autumn,19
2024-10-03 20:00:00,11997.845,491.86192419240973,Autumn,20
2024-10-03 21:00:00,11984.69,485.45801496960905,Autumn,21
2024-10-03 22:00:00,10186.3525,486.67248025174194,Autumn,22
2024-10-03 23:00:00,8431.9,492.5977363639288,Autumn,23
2024-10-04 00:00:00,7029.9525,508.48651356045366,Autumn,0
2024-10-04 01:00:00,6175.16,512.6886854674661,Autumn,1
2024-10-04 02:00:00,5557.96,523.1092229580365,Autumn,2
2024-10-04 03:00:00,5409.2975,547.2941599616915,Autumn,3
2024-10-04 04:00:00,5737.2575,561.0271104607107,Autumn,4
2024-10-04 05:00:00,6502.14,562.7081271935119,Autumn,5
2024-10-04 06:00:00,8622.695,561.3040605169008,Autumn,6
2024-10-04 07:00:00,10144.53,555.8965994264606,Autumn,7
2024-10-04 08:00:00,11157.23,560.9546752500978,Autumn,8
2024-10-04 09:00:00,12961.22,585.0629882890038,Autumn,9
2024-10-04 10:00:00,14543.009999999998,608.0235175913987,Autumn,10
2024-10-04 11:00:00,14460.404999999999,632.3580955846994,Autumn,11
2024-10-04 12:00:00,14475.8675,640.1627283955784,Autumn,12
2024-10-04 13:00:00,14008.9725,633.7947809463076,Autumn,13
2024-10-04 14:00:00,12916.5,627.8247900577303,Autumn,14
2024-10-04 15:00:00,11685.175,622.7215453225205,Autumn,15
2024-10-04 16:00:00,11531.7675,607.2877279395225,Autumn,16
2024-10-04 17:00:00,11531.5925,580.0874914050457,Autumn,17
2024-10-04 18:00:00,11273.2925,565.6667908270157,Autumn,18
2024-10-04 19:00:00,11377.875,564.5587046023072,Autumn,19
2024-10-04 20:00:00,11151.15,566.2097560524116,Autumn,20
2024-10-04 21:00:00,10497.654999999999,563.0627853800261,Autumn,21
2024-10-04 22:00:00,9602.575,558.5391764405897,Autumn,22
2024-10-04 23:00:00,8619.7225,556.4318994721921,Autumn,23
2024-10-05 00:00:00,7608.74,554.4749411492724,Autumn,0
2024-10-05 01:00:00,6623.21,557.7731236481858,Autumn,1
2024-10-05 02:00:00,6010.28,548.4281931066774,Autumn,2
2024-10-05 03:00:00,5487.305,531.5604556292044,Autumn,3
2024-10-05 04:00:00,5416.6925,546.6091583279772,Autumn,4
2024-10-05 05:00:00,5796.672500000001,566.465246314623,Autumn,5
2024-10-05 06:00:00,6562.945,586.8504843230226,Autumn,6
2024-10-05 07:00:00,6970.3575,591.4436435690156,Autumn,7
2024-10-05 08:00:00,8018.875,594.735192840135,Autumn,8
2024-10-05 09:00:00,9935.985,611.2713836103685,Autumn,9
2024-10-05 10:00:00,11608.599999999999,620.3761007594346,Autumn,10
2024-10-05 11:00:00,13359.462500000001,620.4510198438124,Autumn,11
2024-10-05 12:00:00,14379.330000000002,620.2006917351088,Autumn,12
2024-10-05 13:00:00,14194.5175,618.227174569609,Autumn,13
2024-10-05 14:00:00,13506.505000000001,614.6812609706642,Autumn,14
2024-10-05 15:00:00,12392.8925,609.7347472907322,Autumn,15
2024-10-05 16:00:00,11138.5375,599.5756786624493,Autumn,16
2024-10-05 17:00:00,11123.26,577.2589887496398,Autumn,17
2024-10-05 18:00:00,12094.365,536.9484463998454,Autumn,18
2024-10-05 19:00:00,12846.717499999999,504.1618178913928,Autumn,19
2024-10-05 20:00:00,13114.4525,479.76232315661423,Autumn,20
2024-10-05 21:00:00,11914.107499999998,459.5518706788228,Autumn,21
2024-10-05 22:00:00,10759.345000000001,426.20972085544156,Autumn,22
2024-10-05 23:00:00,9446.3725,394.0206891014258,Autumn,23
2024-10-06 00:00:00,8077.8475,362.80542340840265,Autumn,0
2024-10-06 01:00:00,7630.0,344.3748137619953,Autumn,1
2024-10-06 02:00:00,6979.725,351.0176972365676,Autumn,2
2024-10-06 03:00:00,6847.137500000001,369.33810816911915,Autumn,3
2024-10-06 04:00:00,6758.5575,358.5320250076997,Autumn,4
2024-10-06 05:00:00,7114.09,338.1317240035058,Autumn,5
2024-10-06 06:00:00,7641.8775000000005,329.68043764016375,Autumn,6
2024-10-06 07:00:00,8090.307500000001,349.36302248333504,Autumn,7
2024-10-06 08:00:00,8511.5325,367.02625460168787,Autumn,8
2024-10-06 09:00:00,9557.1275,417.02336910642464,Autumn,9
2024-10-06 10:00:00,11225.65,449.6131886402283,Autumn,10
2024-10-06 11:00:00,12585.127499999999,479.54781093830525,Autumn,11
2024-10-06 12:00:00,14166.3575,482.74089079292816,Autumn,12
2024-10-06 13:00:00,14412.0625,496.02551705717036,Autumn,13
2024-10-06 14:00:00,14079.2025,513.7269100758823,Autumn,14
2024-10-06 15:00:00,13341.7575,506.7056896244261,Autumn,15
2024-10-06 16:00:00,12770.895,463.36933924066255,Autumn,16
2024-10-06 17:00:00,11820.8375,421.2254313589035,Autumn,17
2024-10-06 18:00:00,11305.325,393.92359649737756,Autumn,18
2024-10-06 19:00:00,11253.345,380.0238564264912,Autumn,19
2024-10-06 20:00:00,11137.529999999999,368.5130840080958,Autumn,20
2024-10-06 21:00:00,10546.46,354.8249291563881,Autumn,21
2024-10-06 22:00:00,9939.785,347.9504064495113,Autumn,22
2024-10-06 23:00:00,9272.4,332.38011965894776,Autumn,23
2024-10-07 00:00:00,8724.3525,318.9937990635003,Autumn,0
2024-10-07 01:00:00,8603.02,301.8110932688853,Autumn,1
2024-10-07 02:00:00,8900.6725,284.1778439829592,Autumn,2
2024-10-07 03:00:00,9125.125,274.02652916422153,Autumn,3
2024-10-07 04:00:00,9816.4975,280.02077892173327,Autumn,4
2024-10-07 05:00:00,10450.6775,292.0539417931289,Autumn,5
2024-10-07 06:00:00,11409.825,318.29266148854094,Autumn,6
2024-10-07 07:00:00,12376.4525,358.2948759932903,Autumn,7
2024-10-07 08:00:00,12517.605,389.43442878862095,Autumn,8
2024-10-07 09:00:00,12973.0825,421.65282499422364,Autumn,9
2024-10-07 10:00:00,13800.1275,460.26914842215933,Autumn,10
2024-10-07 11:00:00,15297.9625,481.2607539578923,Autumn,11
2024-10-07 12:00:00,16347.557499999999,490.4209166585259,Autumn,12
2024-10-07 13:00:00,15948.7025,510.93656875660594,Autumn,13
2024-10-07 14:00:00,14633.12,516.0303799951878,Autumn,14
2024-10-07 15:00:00,12801.744999999999,535.6358116771087,Autumn,15
2024-10-07 16:00:00,12212.9725,544.2231163225415,Autumn,16
2024-10-07 17:00:00,12681.365,549.6919451062453,Autumn,17
2024-10-07 18:00:00,13951.78,533.4980453484997,Autumn,18
2024-10-07 19:00:00,14201.035,525.0430776901599,Autumn,19
2024-10-07 20:00:00,14071.83,527.0941275626883,Autumn,20
2024-10-07 21:00:00,12228.27,523.5963114922324,Autumn,21
2024-10-07 22:00:00,10030.165,521.9960025591956,Autumn,22
2024-10-07 23:00:00,8986.53,506.8608787219873,Autumn,23
